,,,,final_accuracy,final_accuracy,accuracy_change,accuracy_change,parameter_reduction_pct,parameter_reduction_pct,mac_reduction_pct,mac_reduction_pct,speedup,speedup
,,,,mean,std,mean,std,mean,std,mean,std,mean,std
dataset,architecture,method,target_prune_rate,,,,,,,,,,
CIFAR10,ResNet20,Adaptive-Correlation,0.1,86.5,,3.64,,8.9,,7.858,,1.359,
CIFAR10,ResNet20,Adaptive-Correlation,0.2,86.33,,3.47,,17.959,,15.987,,1.144,
CIFAR10,ResNet20,Adaptive-Correlation,0.3,85.95,,3.09,,27.655,,25.742,,1.137,
CIFAR10,ResNet20,Adaptive-Correlation,0.4,85.21,,2.35,,36.714,,33.871,,1.251,
CIFAR10,ResNet20,Adaptive-Correlation,0.5,84.57,,1.71,,46.092,,44.168,,1.181,
CIFAR10,ResNet20,Adaptive-Magnitude,0.1,86.33,,3.47,,8.9,,7.858,,1.125,
CIFAR10,ResNet20,Adaptive-Magnitude,0.2,86.31,,3.45,,17.959,,15.987,,1.165,
CIFAR10,ResNet20,Adaptive-Magnitude,0.3,86.08,,3.22,,27.655,,25.742,,0.924,
CIFAR10,ResNet20,Adaptive-Magnitude,0.4,85.22,,2.36,,36.82,,34.594,,1.269,
CIFAR10,ResNet20,Adaptive-Magnitude,0.5,85.56,,2.7,,46.092,,44.168,,1.187,
CIFAR10,ResNet20,E-HRAP,0.1,86.03,,3.17,,9.059,,8.129,,1.154,
CIFAR10,ResNet20,E-HRAP,0.2,86.34,,3.48,,17.959,,15.987,,1.202,
CIFAR10,ResNet20,E-HRAP,0.3,86.45,,3.59,,27.655,,25.742,,1.158,
CIFAR10,ResNet20,E-HRAP,0.4,85.77,,2.91,,36.82,,34.594,,1.219,
CIFAR10,ResNet20,E-HRAP,0.5,84.87,,2.01,,45.986,,43.446,,1.177,
CIFAR10,ResNet20,Uniform-Magnitude,0.1,86.76,,3.9,,9.059,,8.129,,1.175,
CIFAR10,ResNet20,Uniform-Magnitude,0.2,86.06,,3.2,,18.438,,18.426,,0.964,
CIFAR10,ResNet20,Uniform-Magnitude,0.3,85.82,,2.96,,28.662,,27.052,,1.166,
CIFAR10,ResNet20,Uniform-Magnitude,0.4,85.32,,2.46,,38.04,,37.349,,1.22,
CIFAR10,ResNet20,Uniform-Magnitude,0.5,85.13,,2.27,,49.167,,49.136,,1.26,
CIFAR10,SimpleCNN,Adaptive-Correlation,0.1,85.96,,3.78,,9.635,,13.932,,0.949,
CIFAR10,SimpleCNN,Adaptive-Correlation,0.2,85.71,,3.53,,19.44,,26.995,,0.967,
CIFAR10,SimpleCNN,Adaptive-Correlation,0.3,85.15,,2.97,,29.126,,39.557,,0.985,
CIFAR10,SimpleCNN,Adaptive-Correlation,0.4,85.08,,2.9,,38.175,,50.832,,1.064,
CIFAR10,SimpleCNN,Adaptive-Correlation,0.5,84.53,,2.35,,48.103,,60.844,,1.258,
CIFAR10,SimpleCNN,Adaptive-Magnitude,0.1,85.14,,2.96,,9.262,,13.75,,0.978,
CIFAR10,SimpleCNN,Adaptive-Magnitude,0.2,85.24,,3.06,,19.538,,27.608,,0.97,
CIFAR10,SimpleCNN,Adaptive-Magnitude,0.3,85.66,,3.48,,28.484,,39.825,,0.971,
CIFAR10,SimpleCNN,Adaptive-Magnitude,0.4,85.02,,2.84,,38.175,,50.832,,1.067,
CIFAR10,SimpleCNN,Adaptive-Magnitude,0.5,84.9,,2.72,,47.172,,61.431,,0.971,
CIFAR10,SimpleCNN,E-HRAP,0.1,85.81,,3.63,,9.635,,13.932,,0.974,
CIFAR10,SimpleCNN,E-HRAP,0.2,85.73,,3.55,,19.538,,27.608,,0.934,
CIFAR10,SimpleCNN,E-HRAP,0.3,85.49,,3.31,,29.491,,39.707,,0.968,
CIFAR10,SimpleCNN,E-HRAP,0.4,85.32,,3.14,,38.254,,51.344,,1.019,
CIFAR10,SimpleCNN,E-HRAP,0.5,84.15,,1.97,,47.703,,60.723,,0.987,
CIFAR10,SimpleCNN,Uniform-Magnitude,0.1,85.49,,3.31,,10.993,,17.26,,0.981,
CIFAR10,SimpleCNN,Uniform-Magnitude,0.2,86.11,,3.93,,22.178,,33.627,,0.969,
CIFAR10,SimpleCNN,Uniform-Magnitude,0.3,85.77,,3.59,,32.73,,48.616,,1.042,
CIFAR10,SimpleCNN,Uniform-Magnitude,0.4,84.55,,2.37,,43.31,,61.331,,1.324,
CIFAR10,SimpleCNN,Uniform-Magnitude,0.5,84.16,,1.98,,53.611,,72.668,,1.017,
CIFAR10,VGG11BN,Adaptive-Correlation,0.1,87.99,,4.13,,18.316,,17.254,,0.947,
CIFAR10,VGG11BN,Adaptive-Correlation,0.2,87.55,,3.69,,35.017,,33.334,,1.189,
CIFAR10,VGG11BN,Adaptive-Correlation,0.3,88.0,,4.14,,49.588,,47.354,,0.985,
CIFAR10,VGG11BN,Adaptive-Correlation,0.4,87.37,,3.51,,62.486,,59.962,,1.021,
CIFAR10,VGG11BN,Adaptive-Correlation,0.5,86.84,,2.98,,73.311,,70.527,,0.936,
CIFAR10,VGG11BN,Adaptive-Magnitude,0.1,87.9,,4.04,,18.316,,17.254,,0.966,
CIFAR10,VGG11BN,Adaptive-Magnitude,0.2,87.93,,4.07,,35.033,,33.324,,1.05,
CIFAR10,VGG11BN,Adaptive-Magnitude,0.3,88.27,,4.41,,49.646,,47.539,,1.013,
CIFAR10,VGG11BN,Adaptive-Magnitude,0.4,87.4,,3.54,,62.283,,59.829,,0.963,
CIFAR10,VGG11BN,Adaptive-Magnitude,0.5,87.49,,3.63,,73.346,,70.792,,0.971,
CIFAR10,VGG11BN,E-HRAP,0.1,87.87,,4.01,,18.384,,17.319,,0.968,
CIFAR10,VGG11BN,E-HRAP,0.2,88.0,,4.14,,34.796,,33.208,,0.996,
CIFAR10,VGG11BN,E-HRAP,0.3,87.81,,3.95,,49.623,,47.388,,0.986,
CIFAR10,VGG11BN,E-HRAP,0.4,88.12,,4.26,,62.394,,59.918,,1.161,
CIFAR10,VGG11BN,E-HRAP,0.5,87.33,,3.47,,73.437,,70.778,,1.16,
CIFAR10,VGG11BN,Uniform-Magnitude,0.1,88.54,,4.68,,18.842,,18.492,,0.948,
CIFAR10,VGG11BN,Uniform-Magnitude,0.2,88.3,,4.44,,35.833,,35.482,,0.907,
CIFAR10,VGG11BN,Uniform-Magnitude,0.3,88.16,,4.3,,50.762,,50.438,,1.138,
CIFAR10,VGG11BN,Uniform-Magnitude,0.4,87.54,,3.68,,63.776,,63.467,,1.052,
CIFAR10,VGG11BN,Uniform-Magnitude,0.5,87.57,,3.71,,74.966,,74.71,,1.041,
CIFAR100,ResNet20,Adaptive-Correlation,0.1,53.88,,6.2,,8.713,,7.857,,1.04,
CIFAR100,ResNet20,Adaptive-Correlation,0.2,53.65,,5.97,,17.686,,16.708,,1.078,
CIFAR100,ResNet20,Adaptive-Correlation,0.3,52.76,,5.08,,27.073,,25.739,,1.035,
CIFAR100,ResNet20,Adaptive-Correlation,0.4,51.71,,4.03,,36.046,,34.589,,1.144,
CIFAR100,ResNet20,Adaptive-Correlation,0.5,51.25,,3.57,,45.434,,43.62,,1.085,
CIFAR100,ResNet20,Adaptive-Magnitude,0.1,54.59,,6.91,,8.713,,7.857,,1.052,
CIFAR100,ResNet20,Adaptive-Magnitude,0.2,54.59,,6.91,,17.686,,16.708,,1.091,
CIFAR100,ResNet20,Adaptive-Magnitude,0.3,52.8,,5.12,,27.073,,25.739,,1.057,
CIFAR100,ResNet20,Adaptive-Magnitude,0.4,52.86,,5.18,,36.046,,34.589,,1.154,
CIFAR100,ResNet20,Adaptive-Magnitude,0.5,51.07,,3.39,,45.434,,43.62,,1.105,
CIFAR100,ResNet20,E-HRAP,0.1,54.9,,7.22,,8.713,,7.857,,1.041,
CIFAR100,ResNet20,E-HRAP,0.2,53.68,,6.0,,17.686,,16.708,,1.085,
CIFAR100,ResNet20,E-HRAP,0.3,53.11,,5.43,,27.073,,25.739,,1.051,
CIFAR100,ResNet20,E-HRAP,0.4,51.51,,3.83,,36.046,,34.589,,0.919,
CIFAR100,ResNet20,E-HRAP,0.5,50.78,,3.1,,45.434,,43.62,,1.082,
CIFAR100,ResNet20,Uniform-Magnitude,0.1,54.36,,6.68,,8.869,,8.128,,1.049,
CIFAR100,ResNet20,Uniform-Magnitude,0.2,53.94,,6.26,,18.05,,18.423,,1.09,
CIFAR100,ResNet20,Uniform-Magnitude,0.3,52.55,,4.87,,28.059,,27.048,,1.045,
CIFAR100,ResNet20,Uniform-Magnitude,0.4,52.12,,4.44,,37.241,,37.344,,1.111,
CIFAR100,ResNet20,Uniform-Magnitude,0.5,50.83,,3.15,,48.134,,49.129,,1.172,
CIFAR100,SimpleCNN,Adaptive-Correlation,0.1,56.78,,5.74,,9.783,,13.385,,0.907,
CIFAR100,SimpleCNN,Adaptive-Correlation,0.2,56.55,,5.51,,19.867,,27.26,,0.916,
CIFAR100,SimpleCNN,Adaptive-Correlation,0.3,56.61,,5.57,,29.806,,40.507,,0.617,
CIFAR100,SimpleCNN,Adaptive-Correlation,0.4,55.74,,4.7,,39.064,,51.814,,1.008,
CIFAR100,SimpleCNN,Adaptive-Correlation,0.5,55.9,,4.86,,48.381,,61.606,,0.979,
CIFAR100,SimpleCNN,Adaptive-Magnitude,0.1,57.6,,6.56,,9.888,,14.05,,0.924,
CIFAR100,SimpleCNN,Adaptive-Magnitude,0.2,56.98,,5.94,,19.963,,27.875,,0.934,
CIFAR100,SimpleCNN,Adaptive-Magnitude,0.3,57.12,,6.08,,29.448,,40.36,,0.998,
CIFAR100,SimpleCNN,Adaptive-Magnitude,0.4,56.11,,5.07,,39.388,,51.435,,0.888,
CIFAR100,SimpleCNN,Adaptive-Magnitude,0.5,55.86,,4.82,,48.381,,61.606,,0.931,
CIFAR100,SimpleCNN,E-HRAP,0.1,57.21,,6.17,,9.783,,13.385,,0.97,
CIFAR100,SimpleCNN,E-HRAP,0.2,57.28,,6.24,,19.504,,27.095,,0.79,
CIFAR100,SimpleCNN,E-HRAP,0.3,56.55,,5.51,,29.806,,40.507,,0.982,
CIFAR100,SimpleCNN,E-HRAP,0.4,55.85,,4.81,,39.388,,51.435,,1.007,
CIFAR100,SimpleCNN,E-HRAP,0.5,54.96,,3.92,,48.381,,61.606,,0.972,
CIFAR100,SimpleCNN,Uniform-Magnitude,0.1,57.55,,6.51,,10.792,,17.241,,0.946,
CIFAR100,SimpleCNN,Uniform-Magnitude,0.2,56.85,,5.81,,21.772,,33.59,,0.947,
CIFAR100,SimpleCNN,Uniform-Magnitude,0.3,56.55,,5.51,,32.13,,48.562,,1.013,
CIFAR100,SimpleCNN,Uniform-Magnitude,0.4,55.79,,4.75,,42.516,,61.264,,0.902,
CIFAR100,SimpleCNN,Uniform-Magnitude,0.5,55.36,,4.32,,52.629,,72.588,,1.009,
CIFAR100,VGG11BN,Adaptive-Correlation,0.1,63.01,,6.48,,18.166,,17.366,,0.911,
CIFAR100,VGG11BN,Adaptive-Correlation,0.2,62.48,,5.95,,34.693,,33.466,,0.904,
CIFAR100,VGG11BN,Adaptive-Correlation,0.3,62.56,,6.03,,49.341,,47.647,,0.911,
CIFAR100,VGG11BN,Adaptive-Correlation,0.4,61.74,,5.21,,62.152,,60.09,,0.73,
CIFAR100,VGG11BN,Adaptive-Correlation,0.5,61.33,,4.8,,73.002,,70.902,,0.956,
CIFAR100,VGG11BN,Adaptive-Magnitude,0.1,62.96,,6.43,,18.166,,17.366,,0.897,
CIFAR100,VGG11BN,Adaptive-Magnitude,0.2,63.02,,6.49,,34.693,,33.466,,0.897,
CIFAR100,VGG11BN,Adaptive-Magnitude,0.3,62.52,,5.99,,49.438,,47.768,,0.906,
CIFAR100,VGG11BN,Adaptive-Magnitude,0.4,62.25,,5.72,,62.099,,60.192,,0.909,
CIFAR100,VGG11BN,Adaptive-Magnitude,0.5,62.22,,5.69,,73.079,,71.015,,0.984,
CIFAR100,VGG11BN,E-HRAP,0.1,62.75,,6.22,,18.166,,17.366,,0.871,
CIFAR100,VGG11BN,E-HRAP,0.2,62.87,,6.34,,34.784,,33.418,,0.876,
CIFAR100,VGG11BN,E-HRAP,0.3,62.37,,5.84,,49.322,,47.552,,0.921,
CIFAR100,VGG11BN,E-HRAP,0.4,62.13,,5.6,,62.145,,60.237,,0.92,
CIFAR100,VGG11BN,E-HRAP,0.5,62.25,,5.72,,73.021,,70.863,,0.944,
CIFAR100,VGG11BN,Uniform-Magnitude,0.1,63.11,,6.58,,18.797,,18.49,,0.868,
CIFAR100,VGG11BN,Uniform-Magnitude,0.2,63.49,,6.96,,35.754,,35.478,,0.871,
CIFAR100,VGG11BN,Uniform-Magnitude,0.3,62.79,,6.26,,50.657,,50.431,,0.921,
CIFAR100,VGG11BN,Uniform-Magnitude,0.4,62.08,,5.55,,63.657,,63.46,,0.715,
CIFAR100,VGG11BN,Uniform-Magnitude,0.5,61.33,,4.8,,74.842,,74.702,,0.992,
FashionMNIST,ResNet20,Adaptive-Correlation,0.1,92.27,,0.26,,8.856,,7.824,,0.907,
FashionMNIST,ResNet20,Adaptive-Correlation,0.2,92.72,,0.71,,18.032,,16.741,,0.958,
FashionMNIST,ResNet20,Adaptive-Correlation,0.3,92.23,,0.22,,27.153,,25.429,,0.924,
FashionMNIST,ResNet20,Adaptive-Correlation,0.4,92.61,,0.6,,36.859,,34.846,,1.006,
FashionMNIST,ResNet20,Adaptive-Correlation,0.5,92.53,,0.52,,46.406,,43.853,,0.947,
FashionMNIST,ResNet20,Adaptive-Magnitude,0.1,92.63,,0.62,,8.697,,7.551,,0.931,
FashionMNIST,ResNet20,Adaptive-Magnitude,0.2,92.61,,0.6,,17.925,,16.013,,0.952,
FashionMNIST,ResNet20,Adaptive-Magnitude,0.3,92.65,,0.64,,27.684,,25.93,,0.923,
FashionMNIST,ResNet20,Adaptive-Magnitude,0.4,92.71,,0.7,,36.806,,34.755,,0.98,
FashionMNIST,ResNet20,Adaptive-Magnitude,0.5,92.63,,0.62,,45.822,,43.398,,0.949,
FashionMNIST,ResNet20,E-HRAP,0.1,92.67,,0.66,,8.697,,7.551,,0.878,
FashionMNIST,ResNet20,E-HRAP,0.2,92.73,,0.72,,17.872,,16.468,,0.959,
FashionMNIST,ResNet20,E-HRAP,0.3,92.42,,0.41,,27.631,,25.839,,0.929,
FashionMNIST,ResNet20,E-HRAP,0.4,92.99,,0.98,,36.701,,34.982,,0.956,
FashionMNIST,ResNet20,E-HRAP,0.5,92.43,,0.42,,46.194,,44.444,,0.944,
FashionMNIST,ResNet20,Uniform-Magnitude,0.1,92.35,,0.34,,9.069,,8.188,,0.93,
FashionMNIST,ResNet20,Uniform-Magnitude,0.2,92.84,,0.83,,18.457,,18.56,,0.941,
FashionMNIST,ResNet20,Uniform-Magnitude,0.3,92.72,,0.71,,28.692,,27.249,,0.925,
FashionMNIST,ResNet20,Uniform-Magnitude,0.4,92.4,,0.39,,38.081,,37.621,,0.962,
FashionMNIST,ResNet20,Uniform-Magnitude,0.5,92.34,,0.33,,49.219,,49.494,,0.999,
FashionMNIST,SimpleCNN,Adaptive-Correlation,0.1,93.45,,0.44,,10.449,,14.57,,0.764,
FashionMNIST,SimpleCNN,Adaptive-Correlation,0.2,93.34,,0.33,,20.672,,28.045,,0.76,
FashionMNIST,SimpleCNN,Adaptive-Correlation,0.3,93.1,,0.09,,28.16,,40.976,,0.769,
FashionMNIST,SimpleCNN,Adaptive-Correlation,0.4,92.92,,-0.09,,40.494,,52.673,,0.777,
FashionMNIST,SimpleCNN,Adaptive-Correlation,0.5,92.77,,-0.24,,50.451,,63.336,,0.742,
FashionMNIST,SimpleCNN,Adaptive-Magnitude,0.1,93.14,,0.13,,10.012,,14.388,,0.712,
FashionMNIST,SimpleCNN,Adaptive-Magnitude,0.2,93.17,,0.16,,20.341,,28.492,,0.771,
FashionMNIST,SimpleCNN,Adaptive-Magnitude,0.3,93.1,,0.09,,31.431,,41.277,,0.744,
FashionMNIST,SimpleCNN,Adaptive-Magnitude,0.4,93.0,,-0.01,,40.622,,53.277,,0.769,
FashionMNIST,SimpleCNN,Adaptive-Magnitude,0.5,93.13,,0.12,,51.493,,63.278,,0.747,
FashionMNIST,SimpleCNN,E-HRAP,0.1,93.34,,0.33,,10.449,,14.57,,0.756,
FashionMNIST,SimpleCNN,E-HRAP,0.2,93.24,,0.23,,20.672,,28.045,,0.691,
FashionMNIST,SimpleCNN,E-HRAP,0.3,93.36,,0.35,,30.978,,40.54,,0.726,
FashionMNIST,SimpleCNN,E-HRAP,0.4,93.04,,0.03,,40.855,,52.807,,0.752,
FashionMNIST,SimpleCNN,E-HRAP,0.5,93.2,,0.19,,49.34,,62.906,,0.688,
FashionMNIST,SimpleCNN,Uniform-Magnitude,0.1,93.25,,0.24,,10.994,,17.49,,0.73,
FashionMNIST,SimpleCNN,Uniform-Magnitude,0.2,93.2,,0.19,,22.179,,34.061,,0.721,
FashionMNIST,SimpleCNN,Uniform-Magnitude,0.3,93.29,,0.28,,32.731,,49.168,,0.773,
FashionMNIST,SimpleCNN,Uniform-Magnitude,0.4,93.1,,0.09,,43.312,,61.981,,0.773,
FashionMNIST,SimpleCNN,Uniform-Magnitude,0.5,92.98,,-0.03,,53.613,,73.329,,0.697,
FashionMNIST,VGG11BN,Adaptive-Correlation,0.1,93.12,,0.36,,18.374,,17.234,,0.888,
FashionMNIST,VGG11BN,Adaptive-Correlation,0.2,93.12,,0.36,,35.05,,33.353,,0.917,
FashionMNIST,VGG11BN,Adaptive-Correlation,0.3,93.04,,0.28,,50.096,,48.086,,0.92,
FashionMNIST,VGG11BN,Adaptive-Correlation,0.4,92.8,,0.04,,62.756,,60.621,,0.853,
FashionMNIST,VGG11BN,Adaptive-Correlation,0.5,92.69,,-0.07,,74.222,,71.897,,0.902,
FashionMNIST,VGG11BN,Adaptive-Magnitude,0.1,93.17,,0.41,,18.47,,17.548,,0.901,
FashionMNIST,VGG11BN,Adaptive-Magnitude,0.2,93.03,,0.27,,35.357,,33.818,,0.888,
FashionMNIST,VGG11BN,Adaptive-Magnitude,0.3,92.93,,0.17,,49.925,,48.128,,0.909,
FashionMNIST,VGG11BN,Adaptive-Magnitude,0.4,92.9,,0.14,,63.007,,60.837,,0.918,
FashionMNIST,VGG11BN,Adaptive-Magnitude,0.5,92.97,,0.21,,74.065,,71.733,,0.903,
FashionMNIST,VGG11BN,E-HRAP,0.1,93.01,,0.25,,18.437,,17.548,,0.882,
FashionMNIST,VGG11BN,E-HRAP,0.2,93.19,,0.43,,35.081,,33.472,,0.888,
FashionMNIST,VGG11BN,E-HRAP,0.3,93.01,,0.25,,49.84,,47.862,,0.908,
FashionMNIST,VGG11BN,E-HRAP,0.4,93.08,,0.32,,63.072,,60.723,,0.898,
FashionMNIST,VGG11BN,E-HRAP,0.5,92.79,,0.03,,74.064,,71.628,,0.911,
FashionMNIST,VGG11BN,Uniform-Magnitude,0.1,93.4,,0.64,,18.843,,18.563,,0.89,
FashionMNIST,VGG11BN,Uniform-Magnitude,0.2,93.2,,0.44,,35.835,,35.612,,0.813,
FashionMNIST,VGG11BN,Uniform-Magnitude,0.3,92.93,,0.17,,50.764,,50.599,,0.907,
FashionMNIST,VGG11BN,Uniform-Magnitude,0.4,92.94,,0.18,,63.779,,63.657,,0.997,
FashionMNIST,VGG11BN,Uniform-Magnitude,0.5,92.94,,0.18,,74.97,,74.902,,1.013,
MNIST,ResNet20,Adaptive-Correlation,0.1,99.44,,0.09,,8.379,,7.415,,0.922,
MNIST,ResNet20,Adaptive-Correlation,0.2,99.54,,0.19,,17.289,,15.467,,0.76,
MNIST,ResNet20,Adaptive-Correlation,0.3,99.53,,0.18,,26.942,,25.611,,0.932,
MNIST,ResNet20,Adaptive-Correlation,0.4,99.49,,0.14,,36.33,,35.301,,0.979,
MNIST,ResNet20,Adaptive-Correlation,0.5,99.43,,0.08,,46.246,,43.58,,0.948,
MNIST,ResNet20,Adaptive-Magnitude,0.1,99.52,,0.17,,8.538,,7.688,,0.903,
MNIST,ResNet20,Adaptive-Magnitude,0.2,99.53,,0.18,,17.448,,16.695,,0.949,
MNIST,ResNet20,Adaptive-Magnitude,0.3,99.46,,0.11,,26.995,,25.293,,0.928,
MNIST,ResNet20,Adaptive-Magnitude,0.4,99.36,,0.01,,36.277,,34.937,,0.978,
MNIST,ResNet20,Adaptive-Magnitude,0.5,99.5,,0.15,,44.339,,43.444,,0.954,
MNIST,ResNet20,E-HRAP,0.1,99.39,,0.04,,7.742,,6.869,,0.892,
MNIST,ResNet20,E-HRAP,0.2,99.39,,0.04,,17.554,,16.331,,0.926,
MNIST,ResNet20,E-HRAP,0.3,99.46,,0.11,,26.783,,25.884,,0.926,
MNIST,ResNet20,E-HRAP,0.4,99.48,,0.13,,36.435,,34.118,,0.983,
MNIST,ResNet20,E-HRAP,0.5,99.47,,0.12,,45.452,,44.126,,0.965,
MNIST,ResNet20,Uniform-Magnitude,0.1,99.43,,0.08,,9.069,,8.188,,0.93,
MNIST,ResNet20,Uniform-Magnitude,0.2,99.43,,0.08,,18.457,,18.56,,0.953,
MNIST,ResNet20,Uniform-Magnitude,0.3,99.52,,0.17,,28.692,,27.249,,0.91,
MNIST,ResNet20,Uniform-Magnitude,0.4,99.49,,0.14,,38.081,,37.621,,0.949,
MNIST,ResNet20,Uniform-Magnitude,0.5,99.42,,0.07,,49.219,,49.494,,0.998,
MNIST,SimpleCNN,Adaptive-Correlation,0.1,99.42,,0.07,,9.904,,13.709,,0.999,
MNIST,SimpleCNN,Adaptive-Correlation,0.2,99.51,,0.16,,19.016,,27.338,,0.938,
MNIST,SimpleCNN,Adaptive-Correlation,0.3,99.43,,0.08,,27.795,,40.824,,1.037,
MNIST,SimpleCNN,Adaptive-Correlation,0.4,99.47,,0.12,,40.086,,52.486,,0.995,
MNIST,SimpleCNN,Adaptive-Correlation,0.5,99.51,,0.16,,50.563,,63.92,,1.053,
MNIST,SimpleCNN,Adaptive-Magnitude,0.1,99.46,,0.11,,10.449,,14.57,,1.265,
MNIST,SimpleCNN,Adaptive-Magnitude,0.2,99.5,,0.15,,21.507,,29.017,,0.95,
MNIST,SimpleCNN,Adaptive-Magnitude,0.3,99.49,,0.14,,30.282,,40.787,,1.045,
MNIST,SimpleCNN,Adaptive-Magnitude,0.4,99.49,,0.14,,42.552,,52.467,,1.026,
MNIST,SimpleCNN,Adaptive-Magnitude,0.5,99.44,,0.09,,50.697,,62.893,,1.015,
MNIST,SimpleCNN,E-HRAP,0.1,99.49,,0.14,,9.264,,14.015,,0.994,
MNIST,SimpleCNN,E-HRAP,0.2,99.48,,0.13,,18.158,,27.021,,1.007,
MNIST,SimpleCNN,E-HRAP,0.3,99.46,,0.11,,31.344,,40.693,,0.996,
MNIST,SimpleCNN,E-HRAP,0.4,99.53,,0.18,,39.593,,50.355,,0.953,
MNIST,SimpleCNN,E-HRAP,0.5,99.52,,0.17,,48.94,,62.716,,1.004,
MNIST,SimpleCNN,Uniform-Magnitude,0.1,99.46,,0.11,,10.994,,17.49,,0.972,
MNIST,SimpleCNN,Uniform-Magnitude,0.2,99.48,,0.13,,22.179,,34.061,,0.978,
MNIST,SimpleCNN,Uniform-Magnitude,0.3,99.5,,0.15,,32.731,,49.168,,1.061,
MNIST,SimpleCNN,Uniform-Magnitude,0.4,99.48,,0.13,,43.312,,61.981,,0.866,
MNIST,SimpleCNN,Uniform-Magnitude,0.5,99.47,,0.12,,53.613,,73.329,,1.022,
MNIST,VGG11BN,Adaptive-Correlation,0.1,99.42,,0.1,,18.126,,17.429,,0.822,
MNIST,VGG11BN,Adaptive-Correlation,0.2,99.43,,0.11,,34.815,,33.679,,0.875,
MNIST,VGG11BN,Adaptive-Correlation,0.3,99.46,,0.14,,49.719,,48.108,,0.9,
MNIST,VGG11BN,Adaptive-Correlation,0.4,99.45,,0.13,,61.979,,60.396,,0.905,
MNIST,VGG11BN,Adaptive-Correlation,0.5,99.52,,0.2,,73.362,,71.459,,0.93,
MNIST,VGG11BN,Adaptive-Magnitude,0.1,99.45,,0.13,,18.081,,17.22,,0.854,
MNIST,VGG11BN,Adaptive-Magnitude,0.2,99.58,,0.26,,33.94,,33.411,,0.876,
MNIST,VGG11BN,Adaptive-Magnitude,0.3,99.32,,0.0,,49.586,,48.109,,0.869,
MNIST,VGG11BN,Adaptive-Magnitude,0.4,99.36,,0.04,,62.205,,60.35,,1.045,
MNIST,VGG11BN,Adaptive-Magnitude,0.5,99.46,,0.14,,71.545,,71.074,,0.913,
MNIST,VGG11BN,E-HRAP,0.1,99.46,,0.14,,17.613,,17.154,,0.911,
MNIST,VGG11BN,E-HRAP,0.2,99.37,,0.05,,34.289,,33.138,,0.895,
MNIST,VGG11BN,E-HRAP,0.3,99.35,,0.03,,48.033,,47.057,,0.89,
MNIST,VGG11BN,E-HRAP,0.4,99.41,,0.09,,61.972,,59.91,,0.915,
MNIST,VGG11BN,E-HRAP,0.5,99.4,,0.08,,72.629,,71.1,,0.965,
MNIST,VGG11BN,Uniform-Magnitude,0.1,99.37,,0.05,,18.843,,18.563,,0.877,
MNIST,VGG11BN,Uniform-Magnitude,0.2,99.51,,0.19,,35.835,,35.612,,0.872,
MNIST,VGG11BN,Uniform-Magnitude,0.3,99.38,,0.06,,50.764,,50.599,,0.911,
MNIST,VGG11BN,Uniform-Magnitude,0.4,99.42,,0.1,,63.779,,63.657,,0.981,
MNIST,VGG11BN,Uniform-Magnitude,0.5,99.54,,0.22,,74.97,,74.902,,0.993,
SVHN,ResNet20,Adaptive-Correlation,0.1,95.751,,0.557,,8.264,,7.316,,0.932,
SVHN,ResNet20,Adaptive-Correlation,0.2,95.882,,0.688,,17.323,,15.852,,0.927,
SVHN,ResNet20,Adaptive-Correlation,0.3,95.778,,0.584,,27.019,,25.2,,0.936,
SVHN,ResNet20,Adaptive-Correlation,0.4,95.824,,0.63,,36.185,,35.0,,0.98,
SVHN,ResNet20,Adaptive-Correlation,0.5,95.87,,0.676,,45.192,,43.039,,0.965,
SVHN,ResNet20,Adaptive-Magnitude,0.1,95.943,,0.749,,8.106,,7.452,,0.934,
SVHN,ResNet20,Adaptive-Magnitude,0.2,95.855,,0.661,,17.589,,16.439,,0.958,
SVHN,ResNet20,Adaptive-Magnitude,0.3,95.79,,0.595,,26.437,,25.155,,0.953,
SVHN,ResNet20,Adaptive-Magnitude,0.4,95.974,,0.78,,36.185,,34.052,,0.989,
SVHN,ResNet20,Adaptive-Magnitude,0.5,95.732,,0.538,,45.457,,43.626,,0.96,
SVHN,ResNet20,E-HRAP,0.1,96.055,,0.86,,7.734,,6.819,,0.94,
SVHN,ResNet20,E-HRAP,0.2,95.855,,0.661,,17.589,,16.439,,0.958,
SVHN,ResNet20,E-HRAP,0.3,95.943,,0.749,,26.966,,25.11,,0.954,
SVHN,ResNet20,E-HRAP,0.4,95.698,,0.503,,36.344,,34.323,,0.985,
SVHN,ResNet20,E-HRAP,0.5,95.778,,0.584,,45.88,,43.807,,0.959,
SVHN,ResNet20,Uniform-Magnitude,0.1,95.801,,0.607,,9.059,,8.129,,0.914,
SVHN,ResNet20,Uniform-Magnitude,0.2,95.859,,0.665,,18.438,,18.426,,0.93,
SVHN,ResNet20,Uniform-Magnitude,0.3,96.009,,0.814,,28.662,,27.052,,0.917,
SVHN,ResNet20,Uniform-Magnitude,0.4,95.821,,0.626,,38.04,,37.349,,0.971,
SVHN,ResNet20,Uniform-Magnitude,0.5,95.874,,0.68,,49.167,,49.136,,0.994,
SVHN,SimpleCNN,Adaptive-Correlation,0.1,94.979,,0.949,,8.184,,13.92,,1.037,
SVHN,SimpleCNN,Adaptive-Correlation,0.2,94.983,,0.953,,16.931,,27.137,,1.04,
SVHN,SimpleCNN,Adaptive-Correlation,0.3,94.945,,0.914,,24.059,,39.246,,1.037,
SVHN,SimpleCNN,Adaptive-Correlation,0.4,94.887,,0.857,,34.655,,51.064,,0.628,
SVHN,SimpleCNN,Adaptive-Correlation,0.5,94.718,,0.688,,41.05,,60.781,,1.095,
SVHN,SimpleCNN,Adaptive-Magnitude,0.1,95.11,,1.079,,8.184,,13.92,,1.035,
SVHN,SimpleCNN,Adaptive-Magnitude,0.2,94.91,,0.88,,16.931,,27.137,,0.991,
SVHN,SimpleCNN,Adaptive-Magnitude,0.3,95.045,,1.014,,24.847,,39.52,,1.061,
SVHN,SimpleCNN,Adaptive-Magnitude,0.4,94.925,,0.895,,31.329,,50.421,,1.078,
SVHN,SimpleCNN,Adaptive-Magnitude,0.5,94.833,,0.803,,41.247,,61.715,,1.375,
SVHN,SimpleCNN,E-HRAP,0.1,95.198,,1.168,,8.184,,13.92,,1.302,
SVHN,SimpleCNN,E-HRAP,0.2,95.075,,1.045,,17.202,,26.693,,1.007,
SVHN,SimpleCNN,E-HRAP,0.3,95.148,,1.118,,24.244,,40.369,,1.139,
SVHN,SimpleCNN,E-HRAP,0.4,94.852,,0.822,,30.605,,50.146,,1.073,
SVHN,SimpleCNN,E-HRAP,0.5,94.895,,0.864,,42.095,,60.674,,1.112,
SVHN,SimpleCNN,Uniform-Magnitude,0.1,95.16,,1.129,,10.993,,17.26,,0.882,
SVHN,SimpleCNN,Uniform-Magnitude,0.2,95.079,,1.049,,22.178,,33.627,,1.086,
SVHN,SimpleCNN,Uniform-Magnitude,0.3,94.795,,0.764,,32.73,,48.616,,1.14,
SVHN,SimpleCNN,Uniform-Magnitude,0.4,94.822,,0.791,,43.31,,61.331,,1.143,
SVHN,SimpleCNN,Uniform-Magnitude,0.5,94.687,,0.657,,53.611,,72.668,,1.11,
SVHN,VGG11BN,Adaptive-Correlation,0.1,95.894,,0.768,,17.729,,16.92,,0.871,
SVHN,VGG11BN,Adaptive-Correlation,0.2,95.705,,0.58,,34.231,,32.826,,0.871,
SVHN,VGG11BN,Adaptive-Correlation,0.3,95.786,,0.661,,48.939,,46.857,,0.932,
SVHN,VGG11BN,Adaptive-Correlation,0.4,95.667,,0.542,,61.651,,59.341,,0.84,
SVHN,VGG11BN,Adaptive-Correlation,0.5,95.517,,0.392,,72.336,,70.149,,1.012,
SVHN,VGG11BN,Adaptive-Magnitude,0.1,95.859,,0.734,,17.91,,17.11,,0.894,
SVHN,VGG11BN,Adaptive-Magnitude,0.2,95.951,,0.826,,33.967,,32.589,,0.911,
SVHN,VGG11BN,Adaptive-Magnitude,0.3,95.867,,0.741,,48.325,,46.379,,0.881,
SVHN,VGG11BN,Adaptive-Magnitude,0.4,95.744,,0.618,,61.703,,59.503,,0.9,
SVHN,VGG11BN,Adaptive-Magnitude,0.5,95.782,,0.657,,72.585,,70.172,,1.166,
SVHN,VGG11BN,E-HRAP,0.1,95.759,,0.634,,17.955,,17.055,,0.875,
SVHN,VGG11BN,E-HRAP,0.2,95.84,,0.715,,34.134,,32.672,,0.859,
SVHN,VGG11BN,E-HRAP,0.3,95.84,,0.715,,48.663,,46.869,,0.907,
SVHN,VGG11BN,E-HRAP,0.4,95.759,,0.634,,61.457,,59.17,,0.901,
SVHN,VGG11BN,E-HRAP,0.5,95.755,,0.63,,72.365,,69.977,,0.934,
SVHN,VGG11BN,Uniform-Magnitude,0.1,95.79,,0.665,,18.842,,18.492,,0.874,
SVHN,VGG11BN,Uniform-Magnitude,0.2,95.932,,0.807,,35.833,,35.482,,0.869,
SVHN,VGG11BN,Uniform-Magnitude,0.3,95.763,,0.638,,50.762,,50.438,,0.925,
SVHN,VGG11BN,Uniform-Magnitude,0.4,95.97,,0.845,,63.776,,63.467,,0.984,
SVHN,VGG11BN,Uniform-Magnitude,0.5,95.767,,0.642,,74.966,,74.71,,0.985,
